{"indices":[0,1,2,3,4,5,6,7,8,9,10,11,12,13,14,15,16,17,18,19,20,21,22,23,24,25,26,27,28,29,30,31,32,33,34,35,36,37,38,39,40,41,42,43,44,45,46,47,48,49,50,51,52,53],"normal":[-0.843898,0.45848,-0.278481,-0.843898,0.45848,-0.278512,-0.822504,0.46437,0.328318,-0.843898,0.45848,-0.278481,-0.822504,0.46437,0.328318,-0.822504,0.46437,0.328318,-0.822504,0.46437,0.328318,-0.822504,0.46437,0.328318,-0.415998,0.468337,0.779443,-0.822504,0.46437,0.328318,-0.415998,0.468337,0.779443,-0.416028,0.468337,0.779443,-0.416028,0.468337,0.779443,-0.415998,0.468337,0.779443,0.185339,0.468551,0.863765,-0.416028,0.468337,0.779443,0.185339,0.468551,0.863765,0.185339,0.468551,0.863765,0.185339,0.468551,0.863765,0.185339,0.468551,0.863765,0.700217,0.464858,0.541795,0.185339,0.468551,0.863765,0.700217,0.464858,0.541795,0.700217,0.464858,0.541795,0.700217,0.464858,0.541795,0.700217,0.464858,0.541795,0.887661,0.459059,-0.035737,0.700217,0.464858,0.541795,0.887661,0.459059,-0.035737,0.887661,0.459059,-0.035737,0.887661,0.459059,-0.035737,0.887661,0.459059,-0.035737,0.659993,0.45381,-0.598682,0.887661,0.459059,-0.035737,0.659993,0.45381,-0.598682,0.659993,0.45381,-0.598682,0.659993,0.45381,-0.598682,0.659993,0.45381,-0.598682,0.123722,0.451582,-0.883572,0.659993,0.45381,-0.598682,0.123722,0.451582,-0.883572,0.123722,0.451582,-0.883572,0.123722,0.451582,-0.883572,0.123722,0.451582,-0.883572,-0.470199,0.453444,-0.757134,0.123722,0.451582,-0.883572,-0.470199,0.453444,-0.757134,-0.470199,0.453444,-0.757134,-0.843898,0.45848,-0.278512,-0.843898,0.45848,-0.278481,-0.470199,0.453444,-0.757134,-0.843898,0.45848,-0.278512,-0.470199,0.453444,-0.757134,-0.470199,0.453444,-0.757134],"position":[0.031769,1.278893,0.00197,-1.018219,-0.847694,-0.317397,-0.992137,-0.840523,0.422175,0.031769,1.278893,0.00197,-0.992137,-0.840523,0.422175,0.031295,1.278764,-0.011477,0.031295,1.278764,-0.011477,-0.992137,-0.840523,0.422175,-0.496747,-0.835689,0.971962,0.031295,1.278764,-0.011477,-0.496747,-0.835689,0.971962,0.022288,1.278675,-0.021473,0.022288,1.278675,-0.021473,-0.496747,-0.835689,0.971962,0.236153,-0.835451,1.07471,0.022288,1.278675,-0.021473,0.236153,-0.835451,1.07471,0.008962,1.278671,-0.023341,0.008962,1.278671,-0.023341,0.236153,-0.835451,1.07471,0.86363,-0.839921,0.682344,0.008962,1.278671,-0.023341,0.86363,-0.839921,0.682344,-0.002446,1.278753,-0.016207,-0.002446,1.278753,-0.016207,0.86363,-0.839921,0.682344,1.092082,-0.847008,-0.021545,-0.002446,1.278753,-0.016207,1.092082,-0.847008,-0.021545,-0.0066,1.278881,-0.003409,-0.0066,1.278881,-0.003409,1.092082,-0.847008,-0.021545,0.814612,-0.853398,-0.707599,-0.0066,1.278881,-0.003409,0.814612,-0.853398,-0.707599,-0.001555,1.278997,0.009065,-0.001555,1.278997,0.009065,0.814612,-0.853398,-0.707599,0.161053,-0.856097,-1.054805,-0.001555,1.278997,0.009065,0.161053,-0.856097,-1.054805,0.010328,1.279047,0.015378,0.010328,1.279047,0.015378,0.161053,-0.856097,-1.054805,-0.562789,-0.853844,-0.900702,0.010328,1.279047,0.015378,-0.562789,-0.853844,-0.900702,0.023488,1.279005,0.012576,-1.018219,-0.847694,-0.317397,0.031769,1.278893,0.00197,0.023488,1.279005,0.012576,-1.018219,-0.847694,-0.317397,0.023488,1.279005,0.012576,-0.562789,-0.853844,-0.900702],"texCoord":[0.285226,0.949935,0.383357,0.486689,0.21853,0.478647,0.285226,0.949935,0.21853,0.478647,0.288223,0.950082,0.288223,0.950082,0.21853,0.478647,0.096132,0.46975,0.288223,0.950082,0.096132,0.46975,0.290448,0.950243,0.414761,0.950243,0.286431,0.46975,0.449893,0.464161,0.414761,0.950243,0.449893,0.464161,0.411789,0.950345,0.411789,0.950345,0.449893,0.464161,0.589851,0.464495,0.411789,0.950345,0.589851,0.464495,0.409244,0.950339,0.289268,0.950339,0.161057,0.464495,0.318001,0.470596,0.289268,0.950339,0.318001,0.470596,0.286414,0.950228,0.286414,0.950228,0.318001,0.470596,0.47083,0.479609,0.286414,0.950228,0.47083,0.479609,0.283635,0.950064,0.409442,0.950064,0.578945,0.479609,0.433184,0.487317,0.409442,0.950064,0.433184,0.487317,0.412093,0.949924,0.412093,0.949924,0.433184,0.487317,0.271737,0.490113,0.412093,0.949924,0.271737,0.490113,0.415028,0.949873,0.383357,0.486689,0.285226,0.949935,0.28286,0.949873,0.383357,0.486689,0.28286,0.949873,0.513488,0.490113]}