{"indices":[0,1,2,3,4,5,6,7,8,9,10,11,12,13,14,15,16,17,18,19,20,21,22,23,24,25,26,27,28,29,30,31,32,33,34,35,36,37,38,39,40,41,42,43,44,45,46,47,48,49,50,51,52,53,54,55,56,57,58,59],"normal":[0.003754,-0.807062,-0.590411,0.999908,-0.011872,0.006378,3.1e-05,-1.0,0.0,-0.003754,-0.807062,0.590411,3.1e-05,-1.0,0.0,0.999908,-0.011872,0.006378,-0.003754,-0.807062,0.590411,0.999908,-0.011872,0.006378,-0.006043,-0.324473,0.94586,-0.006073,0.313944,0.9494,-0.006043,-0.324473,0.94586,0.999908,-0.011872,0.006378,-0.006073,0.313944,0.9494,0.999908,-0.011872,0.006378,-0.003815,0.803125,0.595752,0.0,1.0,0.0,-0.003815,0.803125,0.595752,0.999908,-0.011872,0.006378,0.0,1.0,0.0,0.999908,-0.011872,0.006378,0.003784,0.803125,-0.595752,0.006073,0.313944,-0.9494,0.003784,0.803125,-0.595752,0.999908,-0.011872,0.006378,0.006073,0.313944,-0.9494,0.999908,-0.011872,0.006378,0.006043,-0.324503,-0.94586,0.003754,-0.807062,-0.590411,0.006043,-0.324503,-0.94586,0.999908,-0.011872,0.006378,-0.006073,0.313944,0.9494,-0.999908,-0.011872,-0.006378,-0.006043,-0.324473,0.94586,-0.006073,0.313944,0.9494,-0.003815,0.803125,0.595752,-0.999908,-0.011872,-0.006378,0.0,1.0,0.0,-0.999908,-0.011872,-0.006378,-0.003815,0.803125,0.595752,0.0,1.0,0.0,0.003784,0.803125,-0.595752,-0.999908,-0.011872,-0.006378,0.006073,0.313944,-0.9494,-0.999908,-0.011872,-0.006378,0.003784,0.803125,-0.595752,0.006073,0.313944,-0.9494,0.006043,-0.324503,-0.94586,-0.999908,-0.011872,-0.006378,0.003754,-0.807062,-0.590411,-0.999908,-0.011872,-0.006378,0.006043,-0.324503,-0.94586,0.003754,-0.807062,-0.590411,3.1e-05,-1.0,0.0,-0.999908,-0.011872,-0.006378,-0.003754,-0.807062,0.590411,-0.999908,-0.011872,-0.006378,3.1e-05,-1.0,0.0,-0.003754,-0.807062,0.590411,-0.006043,-0.324473,0.94586,-0.999908,-0.011872,-0.006378],"position":[0.000748,-0.165438,-0.131302,0.066339,-0.003968,-0.010926,-1.8e-05,-0.093982,-0.011351,-0.000788,-0.165438,0.108605,-1.8e-05,-0.093982,-0.011351,0.066339,-0.003968,-0.010926,-0.000788,-0.165438,0.108605,0.066339,-0.003968,-0.010926,-0.00059,-0.029276,0.077712,-0.001262,0.062726,0.182736,-0.00059,-0.029276,0.077712,0.066339,-0.003968,-0.010926,-0.001262,0.062726,0.182736,0.066339,-0.003968,-0.010926,-0.000372,0.075427,0.043693,-1.8e-05,0.203741,-0.011351,-0.000372,0.075427,0.043693,0.066339,-0.003968,-0.010926,-1.8e-05,0.203741,-0.011351,0.066339,-0.003968,-0.010926,0.000332,0.075427,-0.066394,0.001222,0.062726,-0.205437,0.000332,0.075427,-0.066394,0.066339,-0.003968,-0.010926,0.001222,0.062726,-0.205437,0.066339,-0.003968,-0.010926,0.00055,-0.029276,-0.100413,0.000748,-0.165438,-0.131302,0.00055,-0.029276,-0.100413,0.066339,-0.003968,-0.010926,-0.001262,0.062726,0.182736,-0.066379,-0.003968,-0.011776,-0.00059,-0.029276,0.077712,-0.001262,0.062726,0.182736,-0.000372,0.075427,0.043693,-0.066379,-0.003968,-0.011776,-1.8e-05,0.203741,-0.011351,-0.066379,-0.003968,-0.011776,-0.000372,0.075427,0.043693,-1.8e-05,0.203741,-0.011351,0.000332,0.075427,-0.066394,-0.066379,-0.003968,-0.011776,0.001222,0.062726,-0.205437,-0.066379,-0.003968,-0.011776,0.000332,0.075427,-0.066394,0.001222,0.062726,-0.205437,0.00055,-0.029276,-0.100413,-0.066379,-0.003968,-0.011776,0.000748,-0.165438,-0.131302,-0.066379,-0.003968,-0.011776,0.00055,-0.029276,-0.100413,0.000748,-0.165438,-0.131302,-1.8e-05,-0.093982,-0.011351,-0.066379,-0.003968,-0.011776,-0.000788,-0.165438,0.108605,-0.066379,-0.003968,-0.011776,-1.8e-05,-0.093982,-0.011351,-0.000788,-0.165438,0.108605,-0.00059,-0.029276,0.077712,-0.066379,-0.003968,-0.011776],"texCoord":[0.51536,0.376161,0.500007,0.396827,0.500008,0.385306,0.484655,0.376161,0.500008,0.385306,0.500007,0.396827,0.484655,0.376161,0.500007,0.396827,0.488609,0.393588,0.475167,0.405363,0.488609,0.393588,0.500007,0.396827,0.475167,0.405363,0.500007,0.396827,0.492963,0.406988,0.500008,0.423411,0.492963,0.406988,0.500007,0.396827,0.500008,0.423411,0.500007,0.396827,0.507053,0.406988,0.524849,0.405363,0.507053,0.406988,0.500007,0.396827,0.524849,0.405363,0.500007,0.396827,0.511407,0.393588,0.51536,0.376161,0.511407,0.393588,0.500007,0.396827,0.475167,0.405363,0.500009,0.396827,0.488609,0.393588,0.475167,0.405363,0.492963,0.406988,0.500009,0.396827,0.500008,0.423411,0.500009,0.396827,0.492963,0.406988,0.500008,0.423411,0.507053,0.406988,0.500009,0.396827,0.524849,0.405363,0.500009,0.396827,0.507053,0.406988,0.524849,0.405363,0.511407,0.393588,0.500009,0.396827,0.51536,0.376161,0.500009,0.396827,0.511407,0.393588,0.51536,0.376161,0.500008,0.385306,0.500009,0.396827,0.484655,0.376161,0.500009,0.396827,0.500008,0.385306,0.484655,0.376161,0.488609,0.393588,0.500009,0.396827]}