{"indices":[0,1,2,3,4,5,6,7,8,9,10,11,12,13,14,15,16,17,18,19,20,21,22,23,24,25,26,27,28,29,30,31,32,33,34,35,36,37,38,39,40,41,42,43,44,45,46,47,48,49,50,51,52,53,54,55,56,57,58,59,60,61,62,63,64,65,66,67,68,69,70,71,72,73,74,75,76,77,78,79,80,81,82,83,84,85,86,87,88,89,90,91,92,93,94,95,96,97,98,99,100,101,102,103,104,105,106,107,108,109,110,111,112,113,114,115,116,117,118,119,120,121,122,123,124,125,126,127,128,129,130,131,132,133,134,135,136,137,138,139,140,141,142,143,144,145,146,147,148,149,150,151,152,153,154,155,156,157,158,159,160,161,162,163,164,165,166,167,168,169,170,171,172,173,174,175,176,177,178,179,180,181,182,183,184,185],"normal":[-0.930502,0.009371,0.366166,-0.930502,0.009371,0.366166,-0.930502,0.009371,0.366166,-0.004555,0.107132,0.994234,-0.004555,0.107132,0.994234,-0.004555,0.107132,0.994234,-0.00402,-0.119263,0.992855,-0.00402,-0.119263,0.992855,-0.00402,-0.119263,0.992855,0.004556,-0.107295,-0.994217,0.004556,-0.107295,-0.994217,0.004556,-0.107295,-0.994217,0.004069,0.118722,-0.992919,0.004069,0.118722,-0.992919,0.004069,0.118722,-0.992919,-0.936215,-0.047246,0.348237,-0.936215,-0.047246,0.348237,-0.936215,-0.047246,0.348237,-0.985012,-0.049771,-0.165151,-0.985012,-0.049771,-0.165151,-0.985012,-0.049771,-0.165151,-0.99278,0.002172,-0.119929,-0.99278,0.002172,-0.119929,-0.99278,0.002172,-0.119929,-0.035522,-0.057822,-0.997695,-0.035522,-0.057822,-0.997695,-0.035522,-0.057822,-0.997695,-0.044156,0.0557,0.997471,-0.044156,0.0557,0.997471,-0.044156,0.0557,0.997471,-0.036029,0.066577,-0.997131,-0.036029,0.066577,-0.997131,-0.036029,0.066577,-0.997131,-0.044643,-0.067515,0.996719,-0.044643,-0.067515,0.996719,-0.044643,-0.067515,0.996719,-0.968069,0.002123,0.250676,-0.968069,0.002123,0.250676,-0.968069,0.002123,0.250676,-0.004563,0.107213,0.994226,-0.004563,0.107213,0.994226,-0.004563,0.107213,0.994226,-0.004066,-0.119807,0.992789,-0.004066,-0.119807,0.992789,-0.004066,-0.119807,0.992789,0.004563,-0.107213,-0.994226,0.004563,-0.107213,-0.994226,0.004563,-0.107213,-0.994226,0.00402,0.119263,-0.992855,0.00402,0.119263,-0.992855,0.00402,0.119263,-0.992855,-0.968471,-0.041256,0.245687,-0.968471,-0.041256,0.245687,-0.968471,-0.041256,0.245687,-0.991237,-0.039768,-0.125968,-0.991237,-0.039768,-0.125968,-0.991237,-0.039768,-0.125968,-0.987106,0.013437,-0.159502,-0.987106,0.013437,-0.159502,-0.987106,0.013437,-0.159502,-0.514817,-0.856807,0.028047,-0.651234,-0.00766,-0.758812,0.552355,-0.832789,-0.036592,0.976562,0.215217,-0.002503,0.735252,0.018097,-0.677511,0.521165,0.852962,-0.028321,0.521165,0.852962,-0.028321,0.593829,0.016572,-0.804407,-0.54738,0.836085,0.036409,-0.54738,0.836085,0.036409,-0.565844,-0.015809,0.824335,0.761467,0.012787,0.648061,-0.565844,-0.015809,0.824335,-0.514817,-0.856807,0.028047,0.552355,-0.832789,-0.036592,0.85284,0.012452,0.521989,0.982208,-0.187567,-0.007477,-0.146336,-0.016511,0.989074,0.521165,0.852962,-0.028321,0.761467,0.012787,0.648061,0.85284,0.012452,0.521989,0.552355,-0.832789,-0.036592,0.593829,0.016572,-0.804407,0.735252,0.018097,-0.677511,0.761467,0.012787,0.648061,0.552355,-0.832789,-0.036592,0.85284,0.012452,0.521989,-0.325999,0.522233,0.788018,-0.146336,-0.016511,0.989074,-0.135624,-0.014832,0.990631,-0.325999,0.522233,0.788018,-0.064058,0.049318,-0.996704,0.976562,0.215217,-0.002503,0.976562,0.215217,-0.002503,0.85284,0.012452,0.521989,-0.325999,0.522233,0.788018,0.982208,-0.187567,-0.007477,0.735252,0.018097,-0.677511,-0.064058,0.049318,-0.996704,0.516373,0.856319,0.00589,0.631977,0.025208,-0.774529,-0.1995,0.978851,0.045198,-0.451796,-0.810022,0.37373,-0.064058,0.049318,-0.996704,-0.220923,0.046724,-0.974151,-0.146336,-0.016511,0.989074,-0.451796,-0.810022,0.37373,-0.135624,-0.014832,0.990631,-0.1995,0.978851,0.045198,-0.220923,0.046724,-0.974151,-0.064058,0.049318,-0.996704,0.516373,0.856319,0.00589,0.636891,0.01474,0.770806,0.631977,0.025208,-0.774529,-0.1995,0.978851,0.045198,-0.135624,-0.014832,0.990631,0.516373,0.856319,0.00589,-0.180761,-0.983459,0.008332,-0.220923,0.046724,-0.974151,0.631977,0.025208,-0.774529,-0.135624,-0.014832,0.990631,-0.180761,-0.983459,0.008332,0.574541,-0.818384,-0.010071,-0.651234,-0.00766,-0.758812,0.593829,0.016572,-0.804407,0.552355,-0.832789,-0.036592,0.735252,0.018097,-0.677511,0.593829,0.016572,-0.804407,0.521165,0.852962,-0.028321,0.593829,0.016572,-0.804407,-0.651234,-0.00766,-0.758812,-0.54738,0.836085,0.036409,0.521165,0.852962,-0.028321,-0.54738,0.836085,0.036409,0.761467,0.012787,0.648061,0.761467,0.012787,0.648061,-0.565844,-0.015809,0.824335,0.552355,-0.832789,-0.036592,0.982208,-0.187567,-0.007477,-0.451796,-0.810022,0.37373,-0.146336,-0.016511,0.989074,0.976562,0.215217,-0.002503,0.521165,0.852962,-0.028321,0.85284,0.012452,0.521989,0.982208,-0.187567,-0.007477,0.552355,-0.832789,-0.036592,0.735252,0.018097,-0.677511,0.552355,-0.832789,-0.036592,0.982208,-0.187567,-0.007477,0.85284,0.012452,0.521989,-0.1995,0.978851,0.045198,-0.325999,0.522233,0.788018,-0.135624,-0.014832,0.990631,-0.064058,0.049318,-0.996704,0.735252,0.018097,-0.677511,0.976562,0.215217,-0.002503,0.85284,0.012452,0.521989,-0.146336,-0.016511,0.989074,-0.325999,0.522233,0.788018,-0.451796,-0.810022,0.37373,0.982208,-0.187567,-0.007477,-0.064058,0.049318,-0.996704,0.631977,0.025208,-0.774529,-0.220923,0.046724,-0.974151,-0.1995,0.978851,0.045198,-0.180761,-0.983459,0.008332,-0.451796,-0.810022,0.37373,-0.220923,0.046724,-0.974151,-0.451796,-0.810022,0.37373,-0.180761,-0.983459,0.008332,-0.135624,-0.014832,0.990631,-0.325999,0.522233,0.788018,-0.1995,0.978851,0.045198,-0.064058,0.049318,-0.996704,0.636891,0.01474,0.770806,0.574541,-0.818384,-0.010071,0.631977,0.025208,-0.774529,-0.135624,-0.014832,0.990631,0.636891,0.01474,0.770806,0.516373,0.856319,0.00589,0.574541,-0.818384,-0.010071,-0.180761,-0.983459,0.008332,0.631977,0.025208,-0.774529,0.636891,0.01474,0.770806,-0.135624,-0.014832,0.990631,0.574541,-0.818384,-0.010071],